108, 
 , Monday, 10:30am-11:45am, 3pm-4:15pm, 
 , Tuesday, 9am-10:15am, 10:30am-11:45am, 3pm-4:15pm, 4:30pm-5:45pm, 
 , Wednesday, 10:30am-11:45am, 3pm-4:15pm, 
 , Thursday, 9am-10:15am, 10:30am-11:45am, 3pm-4:15pm, 4:30pm-5:45pm, 6pm-8:40pm, 
 , Friday, 
 , Sat/Sun, 
145, 
 , Monday, 
 , Tuesday, 
 , Wednesday, 
 , Thursday, 
 , Friday, 
 , Sat/Sun, 
149, 
 , Monday, 
 , Tuesday, 
 , Wednesday, 
 , Thursday, 
 , Friday, 
 , Sat/Sun, 
150, 
 , Monday, 10:30am-11:45am, 4:30pm-5:45pm, 
 , Tuesday, 10:30am-11:45am, 
 , Wednesday, 10:30am-11:45am, 1pm-3pm, 4:30pm-5:45pm, 
 , Thursday, 10:30am-11:45am, 
 , Friday, 11am-12pm, 1pm-3pm, 5:30pm-6:45pm, 
 , Sat/Sun, 
151, 
 , Monday, 
 , Tuesday, 
 , Wednesday, 
 , Thursday, 
 , Friday, 
 , Sat/Sun, 
153, 
 , Monday, 9am-10:15am, 12pm-1:15pm, 1:30pm-2:45pm, 6pm-8pm, 
 , Tuesday, 9am-10:15am, 10:30am-11:45am, 12pm-1:15pm, 4pm-5:15pm, 5:30pm-6:45pm, 
 , Wednesday, 9am-10:15am, 12pm-1:15pm, 1:30pm-2:45pm, 
 , Thursday, 9am-10:15am, 10:30am-11:45am, 12pm-1:15pm, 4pm-5:15pm, 5:30pm-6:45pm, 
 , Friday, 12pm-2:30pm, 
 , Sat/Sun, 
155, 
 , Monday, 9am-10:30am, 10:30am-11:45am, 12pm-1:15pm, 1:30pm-2:45pm, 3:30pm-4:45pm, 5:30pm-8:10pm, 
 , Tuesday, 9am-10:15am, 10:30am-11:45am, 12pm-1:15pm, 1:30pm-2:45pm, 4:30pm-5:45pm, 6pm-8:40pm, 
 , Wednesday, 9am-10:30am, 10:30am-11:45am, 12pm-1pm, 1pm-3:30pm, 3:30pm-4:45pm, 6pm-8:40pm, 
 , Thursday, 9am-10:15am, 10:30am-11:45am, 12pm-1:15pm, 1:30pm-2:45pm, 4:30pm-5:45pm, 6pm-8:40pm, 
 , Friday, 9:30am-10:20am, 1pm-3:30pm, 
 , Sat/Sun, 10am-11:30am, 
157, 
 , Monday, 9:30am-11am, 12:30pm-2:45pm, 3pm-4:30pm, 
 , Tuesday, 9am-10:15am, 10:30am-11:45am, 12pm-1:15pm, 1:30pm-2:45pm, 3pm-4:15pm, 4:30pm-5:45pm, 6pm-7:15pm, 
 , Wednesday, 9:30am-11am, 12:30pm-2:45pm, 3pm-4:30pm, 6pm-8:40pm, 
 , Thursday, 9am-10:15am, 10:30am-11:45am, 12pm-1:15pm, 1:30pm-2:45pm, 3pm-4:15pm, 4:30pm-5:45pm, 6pm-7:15pm, 
 , Friday, 9:30am-11am, 3pm-4:30pm, 
 , Sat/Sun, 
160, 
 , Monday, 9am-10:15am, 12pm-1:15pm, 1:30pm-2:45pm, 7pm-8:45pm, 
 , Tuesday, 10:30am-11:45am, 12pm-1:15pm, 4pm-5:15pm, 
 , Wednesday, 9am-10:15am, 12pm-1:15pm, 1:30pm-2:45pm, 
 , Thursday, 10:30am-11:45am, 12pm-1:15pm, 4pm-5:15pm, 
 , Friday, 
 , Sat/Sun, 
161, 
 , Monday, 9am-9:50am, 10am-11:15am, 11:30am-12:20pm, 12:30pm-1:20pm, 1:30pm-2:45pm, 3pm-4:15pm, 4:30pm-5:45pm, 6:30pm-7:45pm, 
 , Tuesday, 9am-10am, 10am-11:15am, 12pm-1:15pm, 1:30pm-2:45pm, 4:30pm-5:45pm, 6pm-8:40pm, 
 , Wednesday, 9am-9:50am, 10am-11:15am, 11:30am-12:20pm, 12:30pm-1:20pm, 1:30pm-2:45pm, 3pm-4:15pm, 4:30pm-5:45pm, 6:30pm-7:45pm, 
 , Thursday, 9am-10am, 10am-11:15am, 12pm-1:15pm, 1:30pm-2:45pm, 4:30pm-5:45pm, 6pm-8:40pm, 
 , Friday, 9am-9:50am, 10am-11:15am, 12:30pm-1:20pm, 2:45pm-5:15pm, 6:30pm-7:45pm, 
 , Sat/Sun, 
164, 
 , Monday, 9am-10:15am, 10:30am-11:45am, 12pm-1:15pm, 1:30pm-2:45pm, 
 , Tuesday, 9am-10:15am, 10:30am-11:45am, 1:30pm-2:45pm, 3pm-4:15pm, 
 , Wednesday, 9am-10:15am, 10:30am-11:45am, 12pm-1:15pm, 1:30pm-2:45pm, 
 , Thursday, 9am-10:15am, 10:30am-11:45am, 1:30pm-2:45pm, 3pm-4:15pm, 
 , Friday, 
 , Sat/Sun, 
249, 
 , Monday, 
 , Tuesday, 
 , Wednesday, 
 , Thursday, 
 , Friday, 
 , Sat/Sun, 
250, 
 , Monday, 4:30pm-5:45pm, 
 , Tuesday, 
 , Wednesday, 4:30pm-5:45pm, 
 , Thursday, 
 , Friday, 
 , Sat/Sun, 
252, 
 , Monday, 9am-10:15am, 10:30am-11:45am, 12pm-1:15pm, 1:30pm-2:45pm, 
 , Tuesday, 10:30am-11:45am, 1:30pm-2:45pm, 
 , Wednesday, 9am-10:15am, 10:30am-11:45am, 12pm-1:15pm, 1:30pm-2:45pm, 3pm-5pm, 
 , Thursday, 10:30am-11:45am, 1:30pm-2:45pm, 
 , Friday, 
 , Sat/Sun, 
256, 
 , Monday, 9am-10:15am, 10:30am-11:45am, 12pm-1:15pm, 1:30pm-2:45pm, 3pm-4pm, 4:30pm-5:45pm, 6pm-8:40pm, 
 , Tuesday, 9am-10:15am, 10:30am-11:45am, 12pm-1:15pm, 1:30pm-2:45pm, 4:30pm-5:45pm, 6pm-7:15pm, 
 , Wednesday, 9am-10:15am, 10:30am-11:45am, 12pm-1:15pm, 1:30pm-2:45pm, 3pm-3:50pm, 4:30pm-5:45pm, 6pm-8:15pm, 
 , Thursday, 9am-10:15am, 10:30am-11:45am, 12pm-1:15pm, 1:30pm-2:45pm, 4:30pm-5:45pm, 6pm-7:15pm, 
 , Friday, 9am-9:50am, 12pm-4:45pm, 
 , Sat/Sun, 
259, 
 , Monday, 4:30pm-5:45pm, 
 , Tuesday, 
 , Wednesday, 4:30pm-5:45pm, 
 , Thursday, 
 , Friday, 
 , Sat/Sun, 
260, 
 , Monday, 9am-10:15am, 12:30pm-1:20pm, 2pm-3pm, 
 , Tuesday, 1pm-2:45pm, 
 , Wednesday, 9am-10:15am, 12:30pm-1:20pm, 2pm-3pm, 
 , Thursday, 
 , Friday, 11am-11:50am, 
 , Sat/Sun, 
261, 
 , Monday, 9am-9:50am, 10:30am-11:45am, 12pm-1:15pm, 2:30pm-3:20pm, 3:30pm-4:45pm, 
 , Tuesday, 9am-10:15am, 10:30am-11:45am, 12pm-1:15pm, 1:30pm-2:45pm, 3pm-4:15pm, 
 , Wednesday, 8am-10am, 10:30am-11:45am, 12pm-1:15pm, 2:30pm-3:20pm, 3:30pm-4:45pm, 
 , Thursday, 9am-10:15am, 10:30am-11:45am, 12pm-1:15pm, 1:30pm-2:45pm, 3pm-4:15pm, 
 , Friday, 8am-10am, 10:30am-11:20am, 2:30pm-3:20pm, 3:30pm-4:45pm, 
 , Sat/Sun, 
263, 
 , Monday, 9am-10:15am, 10:30am-11:45am, 12pm-1:15pm, 1:30pm-2:45pm, 4:30pm-5:45pm, 
 , Tuesday, 10:30am-11:45am, 12pm-1:15pm, 
 , Wednesday, 9am-10:15am, 10:30am-11:45am, 12pm-1:15pm, 1:30pm-2:45pm, 4:30pm-5:45pm, 
 , Thursday, 10:30am-11:45am, 12pm-1:15pm, 1:30pm-3:50pm, 
 , Friday, 
 , Sat/Sun, 
269, 
 , Monday, 10:30am-11:45am, 12pm-1:15pm, 1:30pm-2:45pm, 3pm-4:15pm, 6pm-8:40pm, 
 , Tuesday, 9am-10:15am, 10:30am-11:45am, 12pm-1:15pm, 1:30pm-2:45pm, 4:30pm-5:45pm, 
 , Wednesday, 10:30am-11:45am, 12pm-1:15pm, 1:30pm-2:45pm, 3pm-4:15pm, 6pm-8:40pm, 
 , Thursday, 9am-10:15am, 10:30am-11:45am, 12pm-1:15pm, 1:30pm-2:45pm, 4:30pm-5:45pm, 6pm-8:40pm, 
 , Friday, 9am-11:45am, 12:15pm-1:30pm, 4pm-6pm, 
 , Sat/Sun, 
270, 
 , Monday, 
 , Tuesday, 
 , Wednesday, 
 , Thursday, 
 , Friday, 
 , Sat/Sun, 
274, 
 , Monday, 10am-11am, 12pm-1:15pm, 1:30pm-2:45pm, 3pm-4:15pm, 6pm-8:40pm, 
 , Tuesday, 10am-11am, 12pm-1:15pm, 1:30pm-2:45pm, 3pm-4:15pm, 4:30pm-5:45pm, 
 , Wednesday, 10am-11am, 12pm-1:15pm, 1:30pm-2:45pm, 3pm-4:15pm, 6pm-8:40pm, 
 , Thursday, 8am-9:30am, 10am-11am, 12pm-1:15pm, 1:30pm-2:45pm, 3pm-4:15pm, 4:30pm-5:45pm, 6pm-8:40pm, 
 , Friday, 9am-10am, 10am-11am, 
 , Sat/Sun, 
276, 
 , Monday, 9am-10:15am, 11:30am-12:45pm, 1:30pm-2:45pm, 6pm-8:40pm, 
 , Tuesday, 9am-10:15am, 10:30am-11:45am, 12pm-1:15pm, 2:30pm-3:45pm, 4pm-5:45pm, 
 , Wednesday, 9am-10:15am, 11:30am-12:45pm, 1:30pm-2:45pm, 3pm-4:45pm, 
 , Thursday, 9am-10:15am, 10:30am-11:45am, 12pm-1:15pm, 2:30pm-3:45pm, 7pm-9pm, 
 , Friday, 
 , Sat/Sun, 
278, 
 , Monday, 1:30pm-2:45pm, 6pm-8:40pm, 
 , Tuesday, 12pm-1:15pm, 5pm-6:30pm, 
 , Wednesday, 11am-12:30pm, 1:30pm-2:45pm, 
 , Thursday, 9am-11am, 12pm-1:15pm, 
 , Friday, 
 , Sat/Sun, 
279, 
 , Monday, 10:30am-11:45am, 12pm-1:15pm, 1:30pm-2:45pm, 3pm-4:15pm, 6pm-8:40pm, 
 , Tuesday, 9am-10:15am, 12pm-1:15pm, 1:30pm-2:45pm, 4:30pm-5:45pm, 
 , Wednesday, 10:30am-11:45am, 12pm-1:15pm, 1:30pm-2:45pm, 3pm-4:15pm, 6pm-8:40pm, 
 , Thursday, 9am-10:15am, 12pm-1:15pm, 1:30pm-2:45pm, 4:30pm-5:45pm, 6pm-8:40pm, 
 , Friday, 
 , Sat/Sun, 
350, 
 , Monday, 
 , Tuesday, 
 , Wednesday, 
 , Thursday, 
 , Friday, 
 , Sat/Sun, 
352, 
 , Monday, 
 , Tuesday, 
 , Wednesday, 
 , Thursday, 
 , Friday, 
 , Sat/Sun, 
361, 
 , Monday, 1:30pm-2:45pm, 6pm-8:40pm, 
 , Tuesday, 1pm-2pm, 
 , Wednesday, 1:30pm-2:45pm, 
 , Thursday, 1pm-2pm, 
 , Friday, 
 , Sat/Sun, 
368, 
 , Monday, 
 , Tuesday, 
 , Wednesday, 
 , Thursday, 
 , Friday, 
 , Sat/Sun, 
391, 
 , Monday, 
 , Tuesday, 
 , Wednesday, 
 , Thursday, 
 , Friday, 12pm-1pm, 
 , Sat/Sun, 
